{
  "id": "pokemon-pokedex",
  "title": "Pokédex",
  "description": "Module Pokédex complet pour Foundry VTT avec 147 Pokémon",
  "version": "1.0.0",
  "compatibility": {
    "minimum": "11",
    "verified": "12"
  },
  "authors": [
    {
      "name": "Ponch",
      "discord": "ponch"
    }
  ],
  "esmodules": [
    "scripts/pokedex.js"
  ],
  "styles": [
    "styles/pokedex.css"
  ],
  "languages": [
    {
      "lang": "fr",
      "name": "Français",
      "path": "lang/fr.json"
    }
  ],
  "url": "https://github.com/Cartodream/pokemon-pokedex-foundry",
  "manifest": "https://raw.githubusercontent.com/Cartodream/pokemon-pokedex-foundry/main/module.json",
  "download": "https://github.com/Cartodream/pokemon-pokedex-foundry/releases/download/v1.0.0/pokemon-pokedex.zip"
}